#n_scaffolds	n_contigs	scaf_bp	contig_bp	gap_pct	scaf_N50	scaf_L50	ctg_N50	ctg_L50	scaf_N90	scaf_L90	ctg_N90	ctg_L90	scaf_max	ctg_max	scaf_n_gt50K	scaf_pct_gt50K	gc_avg	gc_std	filename
32026408	32026408	18290182437	18290182437	0	8760379	601	8760379	601	752183	1717	752183	1717	156930	156930	46	0.016	0.52502	0.1012	19181-0005.contigs.fa
33248196	33248196	18775140362	18775140362	0	9111820	590	9111820	590	760905	1712	760905	1712	232246	232246	101	0.037	0.52858	0.09963	19181-0006.contigs.fa
21634340	21634340	12627897639	12627897639	0	6073512	595	6073512	595	874459	1339	874459	1339	266367	266367	277	0.159	0.55079	0.1042	20151-0003.contigs.fa
27534653	27534653	15786266973	15786266973	0	8174204	592	8174204	592	1009287	1340	1009287	1340	137025	137025	28	0.011	0.53721	0.10583	20151-0004.contigs.fa
